{
  "project_info": {
    "project_number": "450223257862",
    "project_id": "damsport-d6c7a",
    "storage_bucket": "damsport-d6c7a.appspot.com"
  },
  "client": [
    {
      "client_info": {
        "mobilesdk_app_id": "1:450223257862:android:1a9ae304078187e538c687",
        "android_client_info": {
          "package_name": "com.dam.damsport"
        }
      },
      "oauth_client": [
        {
          "client_id": "450223257862-1r44930iud1hgfo313mrfcuvb66evlnq.apps.googleusercontent.com",
          "client_type": 1,
          "android_info": {
            "package_name": "com.dam.damsport",
            "certificate_hash": "f4e484337a3fb68ae5db0bd37a4d42e8f07733c8"
          }
        },
        {
          "client_id": "450223257862-uqud4ucdm96l299chvhohhvu5tqodssg.apps.googleusercontent.com",
          "client_type": 3
        }
      ],
      "api_key": [
        {
          "current_key": "AIzaSyDp2zS4YlQD78m4DJHoMN-p6inhNNsYZ-8"
        }
      ],
      "services": {
        "appinvite_service": {
          "other_platform_oauth_client": [
            {
              "client_id": "450223257862-uqud4ucdm96l299chvhohhvu5tqodssg.apps.googleusercontent.com",
              "client_type": 3
            }
          ]
        }
      }
    }
  ],
  "configuration_version": "1"
}